firstname,lastname,username,password,email
Shubham,Sahu,shubh_03_03_03,123,shubhamsahu030303@gmail.com
Virat,Kohli,virat,12345,virat@gmail.com
jiya,bajaj,jiya,1234,jiya@gmail.com
kshitisha,negi,kshitisha,1234,csa@gmail.com
sonal mam,talreja,sonal,1234,sonal@gmail.com
yash,tripathy,yash,456,yash@gmail.com
vaibhav,katoch,vaibhav,1234,vaibhav@gmail.com
yashasvi,gupta,yashasvi,789,yashasvi@gmail.com
Shubham ,Sahu,Shubham,abcd,sahu@gmail.com
